"Link","Title"
"https://acrawatch.sg/","AcraWatch"
"https://acrawatch.sg/directory","Directories"
"https://acrawatch.sg/ssic","SSIC"
"https://acrawatch.sg/tools","Tools"
"https://acrawatch.sg/blog","Blog"
"https://acrawatch.sg/watchlist","Watchlist"
"https://acrawatch.sg/login","Sign in"
"https://acrawatch.sg/acra-checker","Search companies"
"https://acrawatch.sg/pricing","Pricing"
"https://data.gov.sg","data.gov.sg"
"https://www.yuurrific.com?ref=acrawatch.sg","Yuurrific"
"https://acrawatch.sg/company/hapsl-maritime-services-llp","HAPSL MARITIME SERVICES LLP"
"https://acrawatch.sg/company/hhintl-llp","HHINTL LLP"
"https://acrawatch.sg/company/heynikko-llp","HEYNIKKO LLP"
"https://acrawatch.sg/company/hunan-provincial-expressway-group-co-ltd-singapore-branch","HUNAN PROVINCIAL EXPRESSWAY GROUP CO., LTD. Singapore Branch"
"https://acrawatch.sg/company/homelash-lp","HOMELASH LP"
"https://acrawatch.sg/company/hong-da-logistic-llp","HONG DA LOGISTIC LLP"
"https://acrawatch.sg/company/h-a-empire-llp","H.A EMPIRE LLP"
"https://acrawatch.sg/company/happy-pickle-llp","HAPPY PICKLE LLP"
"https://acrawatch.sg/company/istiqomah-corner","ISTIQOMAH CORNER"
"https://acrawatch.sg/company/global-digital-analytics-pte-ltd","GLOBAL DIGITAL ANALYTICS PTE. LTD."
"https://acrawatch.sg/company/one-latitude-pte-ltd","ONE LATITUDE PTE. LTD."
"https://acrawatch.sg/company/zel-services-pte-ltd","ZEL SERVICES PTE. LTD."
"https://acrawatch.sg/company/kanghai-pte-ltd","KANGHAI PTE. LTD."
"https://acrawatch.sg/company/go-bananas-by-dadima-deli","GO BANANAS BY DADIMA DELI"
"https://acrawatch.sg/company/hydra-bio-pte-ltd","HYDRA BIO PTE. LTD."
"https://acrawatch.sg/company/yiheng-healthy-living-trading-pte-ltd","YIHENG HEALTHY LIVING TRADING PTE. LTD."
"https://acrawatch.sg/directory/local-company","Local Company748,088View allActive461,727Pending Closure0Struck Off276,397"
"https://acrawatch.sg/directory/sole-prop-or-partnership","Sole Prop Or Partnership394,290View allActive137,756Pending Closure881Struck Off0"
"https://acrawatch.sg/directory/llp","Llp34,890View allActive16,540Pending Closure0Struck Off18,319"
"https://acrawatch.sg/directory/foreign-branch","Foreign Branch3,100View allActive1,835Pending Closure0Struck Off46"
"https://acrawatch.sg/directory/limited-partnership","Limited Partnership2,007View allActive946Pending Closure2Struck Off0"
"https://acrawatch.sg/directory/other","Other0View allActive0Pending Closure0Struck Off0"
"https://data.gov.sg/datasets?query=ACRA","data.gov.sg ACRA datasets"
"https://acrawatch.sg/company/hanzo-tyres-llp","HANZO TYRES LLP"
"https://acrawatch.sg/company/hosan-tech-singapore-branch","HOSAN TECH (Singapore Branch)"
"https://acrawatch.sg/company/huat-s-vault-llp","HUAT S VAULT LLP"
"https://acrawatch.sg/company/hsft-wellness-llp","HSFT WELLNESS LLP"
"https://acrawatch.sg/company/homy-studio-llp","HOMY STUDIO LLP"
"https://acrawatch.sg/company/hvt-engineering-trading-services-llp","HVT ENGINEERING TRADING SERVICES LLP"
"https://acrawatch.sg/company/hhmsc-llp","HHMSC LLP"
"https://acrawatch.sg/company/gachagirls-sg","GACHAGIRLS.SG"
"https://acrawatch.sg/company/sneaky-beans","SNEAKY BEANS"
"https://acrawatch.sg/company/hash-collectibles","HASH COLLECTIBLES"
"https://acrawatch.sg/company/smaart-d-logistics-pte-ltd","SMAART D LOGISTICS PTE. LTD."
"https://acrawatch.sg/company/cardvaultasia","CARDVAULTASIA"
"https://acrawatch.sg/company/studiowinks","STUDIOWINKS"
"https://acrawatch.sg/company/clavis-advisory","CLAVIS ADVISORY"
"https://acrawatch.sg/company/onecall-solutions-sg","ONECALL SOLUTIONS SG"
"https://acrawatch.sg/directory/local-company","Local Company753,504View allActive463,382Pending Closure0Struck Off280,071"
"https://acrawatch.sg/directory/sole-prop-or-partnership","Sole Prop Or Partnership396,286View allActive138,349Pending Closure975Struck Off0"
"https://acrawatch.sg/directory/llp","Llp35,014View allActive16,551Pending Closure0Struck Off18,432"
"https://acrawatch.sg/directory/foreign-branch","Foreign Branch3,108View allActive1,835Pending Closure0Struck Off47"
"https://acrawatch.sg/directory/limited-partnership","Limited Partnership2,019View allActive952Pending Closure2Struck Off0"
